Countries;01/01/2020;06/01/2020;11/01/2020;16/01/2020;21/01/2020;26/01/2020;31/01/2020;05/02/2020;10/02/2020;15/02/2020;20/02/2020;25/02/2020;01/03/2020;06/03/2020;11/03/2020;16/03/2020;21/03/2020;26/03/2020;31/03/2020;05/04/2020;10/04/2020;15/04/2020;20/04/2020;25/04/2020;30/04/2020;05/05/2020;10/05/2020;15/05/2020;20/05/2020;25/05/2020;30/05/2020;04/06/2020;09/06/2020;14/06/2020;19/06/2020;24/06/2020;29/06/2020;04/07/2020;09/07/2020;14/07/2020;19/07/2020;24/07/2020;29/07/2020;03/08/2020;08/08/2020;13/08/2020;18/08/2020;23/08/2020;28/08/2020;02/09/2020;07/09/2020;12/09/2020;17/09/2020;22/09/2020;27/09/2020;02/10/2020;07/10/2020;12/10/2020;17/10/2020;22/10/2020;27/10/2020;01/11/2020;06/11/2020;11/11/2020
Afghanistan;0;0;0;0;0;0;0;0;0;0;0;0;1;0;3;6;12;20;72;121;188;242;243;373;546;877;1074;1448;1846;2926;3038;3473;3833;3204;3328;2269;1473;1406;1572;857;838;626;453;342;227;332;327;298;232;70;128;248;283;189;148;76;218;217;323;349;458;592;510;528
Albania;0;0;0;0;0;0;0;0;0;0;0;0;0;0;6;32;32;53;89;92;96;67;81;115;87;45;55;30;68;41;87;88;82;170;306;273;335;332;376;416;452;452;522;516;620;660;704;739;808;586;589;758;812;713;660;604;761;821;981;1439;1506;1477;1666;2431
Algeria;0;0;0;0;0;0;0;0;0;0;0;0;1;11;8;17;53;174;247;660;401;411;552;472;642;825;895;884;948;912;884;629;528;544;570;652;1048;1689;2222;2316;2753;2924;3101;2977;2676;2578;2379;2084;1952;1875;1577;1417;1246;1092;928;776;740;670;837;1062;1304;1508;1876;3166
Andorra;0;0;0;0;0;0;0;0;0;0;0;0;0;1;0;1;73;89;170;105;125;82;58;20;19;5;4;8;1;1;1;81;8;1;1;1;0;0;0;0;25;9;18;18;19;19;26;56;53;78;39;86;137;126;272;214;320;326;494;433;415;627;380;392
Angola;0;0;0;0;0;0;0;0;0;0;0;0;0;0;0;0;0;2;5;1;11;0;5;1;2;8;8;2;3;12;13;13;5;39;25;28;61;71;38;153;132;141;153;182;281;284;200;165;288;292;252;216;347;552;484;497;398;661;815;983;1197;1243;1308;856
Anguilla;0;0;0;0;0;0;0;0;0;0;0;0;0;0;0;0;0;0;2;1;0;0;0;0;0;0;0;0;0;0;0;0;0;0;0;0;0;0;0;0;0;0;0;0;0;0;0;0;0;0;0;0;0;0;0;0;0;0;0;0;0;0;0;0
Antigua_and_Barbuda;0;0;0;0;0;0;0;0;0;0;0;0;0;0;0;1;0;2;4;8;0;8;0;1;0;1;0;0;0;0;0;0;1;0;0;0;39;3;2;4;2;0;10;5;1;0;1;1;0;0;1;0;0;1;2;3;6;4;1;7;5;3;3;1
Argentina;0;0;0;0;0;0;0;0;0;0;0;0;0;1;11;33;83;259;433;445;530;477;556;595;691;656;828;1268;1492;2982;3349;3617;4475;5970;6788;9379;12813;12197;10506;17062;17274;21335;26408;28776;29380;33186;35232;31784;38754;48788;53456;50411;53152;57489;68301;59766;58727;74168;65167;69936;71590;66590;48749;44571
Armenia;0;0;0;0;0;0;0;0;0;0;0;0;0;1;0;19;116;129;217;288;151;146;224;305;336;575;668;685;1181;1620;2015;1848;2801;2679;2694;2308;3639;2675;2500;2331;2311;1700;1467;1421;769;774;1070;814;590;714;868;677;793;1312;1212;1716;2318;3059;4259;6699;12116;11003;9750;9124
Aruba;0;0;0;0;0;0;0;0;0;0;0;0;0;0;0;2;2;13;33;12;15;15;4;4;0;0;1;0;0;0;0;0;0;0;0;0;0;3;1;0;3;9;2;2;142;454;385;362;296;246;422;391;333;399;248;164;116;109;97;70;65;52;81;53
Australia;0;0;0;0;0;1;5;5;3;1;0;7;3;27;48;149;460;1714;1670;1455;504;314;220;81;71;63;113;61;85;46;44;71;39;30;80;104;167;360;754;1042;1438;1661;2039;2347;2580;1851;1575;1119;798;541;461;306;225;160;102;63;86;95;118;68;90;62;40;46
Austria;0;0;0;0;0;0;0;0;0;0;0;0;7;22;102;524;1541;3086;3531;2712;1444;1074;619;323;329;224;197;229;215;228;136;131;194;126;121;205;242;390;463;432;559;552;592;674;465;571;1113;1510;1271;1250;1570;2477;3293;3813;3760;3436;4133;4799;6079;7650;14122;18907;23786;32983
Azerbaijan;0;0;0;0;0;0;0;0;0;0;0;0;1;2;6;10;25;43;122;234;379;326;225;175;169;215;347;479;529;695;777;1176;1618;1665;1773;2216;2683;2794;2690;2667;2595;1997;1813;1711;1090;484;488;702;786;728;757;682;643;671;599;442;559;964;1528;2599;4080;4215;5335;6537
Bahamas;0;0;0;0;0;0;0;0;0;0;0;0;0;0;0;0;3;1;10;10;16;9;9;14;8;3;9;2;2;4;1;1;1;0;1;0;0;0;0;7;18;90;163;217;162;228;326;388;110;404;259;245;311;338;420;333;436;464;362;538;487;234;199;141
Bahrain;0;0;0;0;0;0;0;0;0;0;0;1;37;14;57;102;58;121;110;143;180;538;412;444;594;572;1061;1372;1368;1618;1250;2259;2452;2950;2248;2446;2860;2570;2484;2620;2532;2164;1845;1708;1699;1915;1626;1873;2090;1181;2521;3355;3515;3534;3202;3163;2252;2171;1667;1579;1722;1211;1158;1008
Bangladesh;0;0;0;0;0;0;0;0;0;0;0;0;0;0;3;0;7;29;10;12;157;585;1341;2042;2276;2993;3679;4688;6048;8208;8243;12124;13324;15754;16966;17297;18192;19299;15368;15150;15562;13897;12971;13635;9791;13852;13046;13811;11787;10849;10569;9405;8086;7860;7851;6712;6653;6941;7486;7030;7226;7549;7800;7757
Barbados;0;0;0;0;0;0;0;0;0;0;0;0;0;0;0;0;2;16;15;12;18;9;3;1;4;2;1;2;3;4;0;0;0;4;1;0;0;0;1;5;1;2;4;12;11;10;8;6;8;9;4;2;4;5;1;0;10;6;12;4;5;9;3;4
Belarus;0;0;0;0;0;0;0;0;0;0;0;0;1;5;0;15;36;24;13;257;715;1853;2378;2725;4186;4497;4396;4724;4747;4672;4614;4397;4375;3890;3512;2991;2072;1603;1305;929;850;739;730;695;557;502;511;595;863;869;820;928;961;1122;1283;1674;2065;1775;3263;3175;3914;4676;4814;4949
Belgium;0;0;0;0;0;0;0;1;0;0;0;0;0;124;376;1040;2270;4140;5607;8107;6634;6665;6984;4742;2728;1771;2694;1550;1196;1118;944;515;607;600;440;442;440;479;393;493;1191;1335;1943;3016;3294;2788;2160;3135;1978;2095;2866;4111;5556;6757;9790;10493;15122;31172;48814;60576;70488;90497;44010;26946
Belize;0;0;0;0;0;0;0;0;0;0;0;0;0;0;0;0;0;1;1;2;4;10;0;0;0;0;0;0;0;0;0;0;0;2;2;1;1;4;2;7;3;3;5;8;58;96;242;196;112;247;187;205;129;99;181;184;212;223;255;204;259;317;443;325
Benin;0;0;0;0;0;0;0;0;0;0;0;0;0;0;0;0;2;3;1;10;10;9;2;21;6;26;152;85;12;-204;75;34;24;120;184;235;317;75;0;179;224;0;168;35;131;65;62;32;50;0;68;29;25;13;45;32;0;54;85;0;61;86;102;0
Bermuda;0;0;0;0;0;0;0;0;0;0;0;0;0;0;0;0;2;4;16;13;4;18;29;13;11;5;3;3;4;8;7;1;0;1;2;2;0;0;2;2;2;1;1;2;1;2;3;5;1;4;3;2;0;3;1;0;0;3;1;3;3;8;7;8
Bhutan;0;0;0;0;0;0;0;0;0;0;0;0;0;0;1;0;0;1;2;1;0;0;0;2;0;0;0;8;6;3;7;16;12;3;5;2;7;1;3;4;3;5;7;3;6;5;28;12;30;42;3;10;8;15;2;19;17;7;10;15;11;6;10;6
Bolivia;0;0;0;0;0;0;0;0;0;0;0;0;0;0;0;10;5;17;64;43;125;90;166;183;350;541;672;882;1115;1652;2472;2604;2652;3286;3756;4808;5183;4852;6017;6642;7915;8033;7676;6982;7630;6905;7016;7091;4659;4504;3643;3964;4081;2390;2546;2089;1796;1356;856;718;816;778;431;499
Bonaire, Saint Eustatius and Saba;0;0;0;0;0;0;0;0;0;0;0;0;0;0;0;0;0;0;0;2;0;2;0;2;0;0;0;0;0;0;1;0;0;0;0;0;0;0;0;0;3;0;1;0;2;0;0;0;0;2;3;7;3;8;49;21;18;23;3;0;0;3;0;1
Bosnia_and_Herzegovina;0;0;0;0;0;0;0;0;0;0;0;0;0;0;2;1;41;120;159;263;230;212;226;159;175;269;213;111;122;88;71;72;139;219;252;380;583;681;830;1266;1024;1208;1382;1377;1522;1311;827;1857;1217;1355;1178;1402;1380;1500;1140;901;984;1894;1887;3161;5503;7259;7445;7821
Botswana;0;0;0;0;0;0;0;0;0;0;0;0;0;0;0;0;0;0;0;4;3;6;2;7;1;0;0;1;1;5;5;3;2;20;0;29;36;102;87;85;123;0;217;65;105;157;148;94;325;91;278;250;211;104;354;251;0;1348;722;367;314;719;0;1193
Brazil;0;0;0;0;0;0;0;0;0;0;0;0;1;2;22;96;500;1580;2055;4800;6871;7503;13169;12893;22394;29261;44181;43646;65246;93178;90840;117145;136375;137052;126567;151093;207197;183191;171731;196092;181647;181186;214861;265502;204335;197418;230567;192133;184826;191116;214728;115446;143817;162366;144984;121322;116300;155402;86749;104568;120174;122530;73367;63536
British_Virgin_Islands;0;0;0;0;0;0;0;0;0;0;0;0;0;0;0;0;0;0;2;1;0;0;0;2;1;0;1;0;1;0;0;0;0;0;0;0;0;0;0;0;0;0;0;0;1;0;0;12;5;21;16;0;3;5;0;0;0;0;0;1;0;0;0;0
Brunei_Darussalam;0;0;0;0;0;0;0;0;0;0;0;0;0;0;1;39;33;31;22;7;2;1;1;1;0;0;3;0;0;0;0;0;0;0;0;0;0;0;0;0;0;0;0;0;0;1;0;1;1;0;1;0;0;0;0;1;0;0;1;0;1;0;0;0
Bulgaria;0;0;0;0;0;0;0;0;0;0;0;0;0;0;4;37;64;115;126;139;108;92;193;219;302;219;293;158;190;149;77;53;189;464;351;442;641;690;787;1150;1190;1142;1037;1215;881;1005;643;766;620;515;688;644;618;647;965;1005;1037;2001;3636;4356;6026;13152;13550;14385
Burkina_Faso;0;0;0;0;0;0;0;0;0;0;0;0;0;0;0;3;30;66;81;108;126;101;50;51;22;24;82;29;23;18;33;36;6;3;7;8;34;39;23;33;11;19;34;49;13;51;54;46;39;18;77;39;247;113;116;94;128;87;64;71;45;26;62;42
Burundi;0;0;0;0;0;0;0;0;0;0;0;0;0;0;0;0;0;0;0;3;0;2;1;5;4;4;0;8;15;0;0;21;20;11;10;40;0;26;21;59;60;18;50;17;5;8;5;13;4;15;15;9;3;1;10;25;6;3;12;21;6;26;17;15
Cambodia;0;0;0;0;0;0;1;0;0;0;0;0;0;0;1;5;17;67;16;7;4;4;0;0;0;0;0;0;0;2;0;1;1;0;3;1;11;0;0;15;15;27;27;15;3;25;5;0;0;1;0;0;1;0;0;2;3;3;0;3;1;3;2;8
Cameroon;0;0;0;0;0;0;0;0;0;0;0;0;0;0;2;1;11;58;27;410;221;90;196;385;405;271;188;535;492;1305;759;1229;1323;1288;668;2028;700;0;2324;257;984;365;186;547;463;495;256;293;211;169;462;405;262;160;281;126;86;279;238;129;0;223;310;318
Canada;0;0;0;0;0;0;3;1;3;0;1;1;7;17;44;167;602;1113;4296;6264;6755;6389;7678;8758;7916;9459;6960;5844;5783;5549;4891;3898;3289;2244;1910;1795;1384;1739;1395;1424;2079;2569;2370;1988;1961;1860;1681;2285;2045;2531;2547;3429;3879;4846;6807;8302;10202;9157;13615;11956;12416;15895;15704;21032
Cape_Verde;0;0;0;0;0;0;0;0;0;0;0;0;0;0;0;0;0;3;2;1;1;3;48;24;31;52;65;59;39;43;19;76;88;143;95;152;147;210;198;199;241;215;174;152;254;186;259;233;218;254;391;282;347;353;371;396;409;480;531;457;495;298;359;366
Cases_on_an_international_conveyance_Japan;0;0;0;0;0;0;0;0;64;157;321;149;14;0;-9;0;0;0;0;0;0;0;0;0;0;0;0;0;0;0;0;0;0;0;0;0;0;0;0;0;0;0;0;0;0;0;0;0;0;0;0;0;0;0;0;0;0;0;0;0;0;0;0;0
Cayman_Islands;0;0;0;0;0;0;0;0;0;0;0;0;0;0;0;0;1;2;5;21;16;8;8;5;4;4;7;4;9;35;11;11;13;23;6;2;1;5;0;0;2;0;0;0;0;0;0;2;0;0;0;3;0;1;1;1;2;8;4;10;4;1;2;8
Central_African_Republic;0;0;0;0;0;0;0;0;0;0;0;0;0;0;0;0;1;3;2;2;2;1;1;5;33;22;71;54;139;216;203;418;461;423;507;399;466;394;248;217;101;185;25;15;6;27;5;27;19;13;18;18;25;21;13;23;16;9;1;3;4;4;9;5
Chad;0;0;0;0;0;0;0;0;0;0;0;0;0;0;0;0;1;2;2;2;3;13;10;7;12;65;143;112;147;129;78;77;34;11;6;4;7;3;5;7;7;2;33;14;6;4;10;25;17;15;21;17;36;64;24;25;23;68;59;49;38;46;34;34
Chile;0;0;0;0;0;0;0;0;0;0;0;0;0;3;10;48;281;580;1217;1598;1809;1979;2205;2082;2553;5298;6309;8409;11678;19334;21550;21743;25464;26696;59782;26335;20803;16775;16478;14022;11498;9863;11521;9735;9013;9945;9330;7823;8596;9361;8708;8235;9314;8291;7594;9123;8755;7849;6901;7982;7585;6508;6471;7837
China;27;32;0;0;176;1088;6411;12714;16784;26789;10237;2976;2121;1142;382;116;234;402;526;370;343;433;500;81;56;24;12;48;39;21;22;53;32;37;230;166;119;87;87;200;286;503;877;1044;633;504;411;241;168;130;111;102;116;126;72;87;124;126;127;117;129;148;140;141
Colombia;0;0;0;0;0;0;0;0;0;0;0;0;0;0;3;31;94;250;324;565;787;798;769;940;1388;1719;2383;2879;3365;3882;5189;6467;7403;7622;10188;14137;17408;17519;18384;25951;31695;36288;38673;49080;51529;52743;57879;53806;50132;42898;43288;36208;33926;36486;33241;31362;32479;40589;34235;37157;41746;47266;44933;40979
Comoros;0;0;0;0;0;0;0;0;0;0;0;0;0;0;0;0;0;0;0;0;0;0;0;0;0;3;5;3;0;67;9;45;9;21;35;50;0;56;10;4;11;9;3;46;10;3;6;1;11;6;25;8;1;13;4;5;8;8;1;8;13;20;17;9
Congo;0;0;0;0;0;0;0;0;0;0;0;0;0;0;0;0;3;1;15;22;19;10;73;43;21;22;58;54;71;75;84;40;72;62;138;204;158;137;175;546;530;218;349;187;250;108;90;15;129;0;649;263;43;52;19;84;0;29;38;0;97;37;89;0
Costa_Rica;0;0;0;0;0;0;0;0;0;0;0;0;0;0;9;18;60;90;137;102;86;110;43;32;18;34;34;42;51;52;82;105;213;294;259;406;702;1044;1463;2110;2373;2392;3480;2346;2883;3438;3957;3669;4173;4980;5633;5629;5589;5574;7104;4944;5369;6310;5713;4770;5166;5778;4395;4326
Cote_dIvoire;0;0;0;0;0;0;0;0;0;0;0;0;0;0;0;4;5;64;92;53;166;242;175;203;179;215;204;310;207;247;275;383;715;945;1379;1429;1247;1253;974;1800;930;835;1124;454;338;400;179;284;293;464;405;397;231;220;236;168;161;243;129;85;128;222;86;57
Croatia;0;0;0;0;0;0;0;0;0;0;0;0;5;4;3;25;67;278;331;366;264;307;182;149;66;49;65;52;15;15;2;1;1;2;9;78;288;288;360;450;415;393;351;343;180;336;831;1023;1294;1381;1470;1178;832;1173;873;798;1204;2135;2602;4329;9517;10167;10020;12209
Cuba;0;0;0;0;0;0;0;0;0;0;0;0;0;0;0;4;12;32;91;130;188;269;260;249;202;212;92;69;71;50;52;109;99;42;47;35;15;23;42;31;18;18;70;101;142;318;223;266;177;273;266;253;252;288;259;247;248;103;114;243;261;235;343;205
Cura√ßao;0;0;0;0;0;0;0;0;0;0;0;0;0;0;0;1;2;3;3;2;3;0;0;0;2;0;0;0;0;0;3;1;1;1;1;0;1;1;0;0;1;2;1;0;2;1;2;3;12;19;20;43;38;99;61;63;60;119;102;86;99;86;77;81
Cyprus;0;0;0;0;0;0;0;0;0;0;0;0;0;0;2;19;37;66;90;182;130;136;99;34;42;35;19;14;12;10;14;11;12;16;5;3;6;5;6;16;10;9;20;64;84;69;55;74;75;7;19;10;23;60;71;84;92;139;195;658;706;672;883;998
Czechia;0;0;0;0;0;0;0;0;0;0;0;0;0;8;32;174;480;700;1435;1361;1122;747;595;534;316;277;296;192;317;304;250;224;264;310;224;399;737;880;507;489;568;828;946;1183;1041;1043;1229;1539;1400;1667;3134;4661;6483;10344;12078;7601;16647;28441;35003;44936;64151;65576;55043;42159
Democratic_Republic_of_the_Congo;0;0;0;0;0;0;0;0;0;0;0;0;0;0;0;2;12;31;36;53;49;52;92;67;97;193;253;305;387;512;691;493;691;620;463;826;627;636;472;372;216;377;219;239;225;190;177;126;110;185;82;164;59;113;63;82;119;62;129;96;77;163;144;158
Denmark;0;0;0;0;0;0;0;0;0;0;0;0;2;8;103;714;324;440;804;1362;1645;916;924;831;778;672;695;449;301;321;223;222;214;151;195;233;148;140;73;58;227;177;197;242;517;653;658;510;410;448;562;1377;1205;1718;3747;2404;2059;2025;1941;2350;3983;4869;5305;5362
Djibouti;0;0;0;0;0;0;0;0;0;0;0;0;0;0;0;0;1;2;16;22;94;163;434;254;86;40;23;133;250;752;644;865;428;234;104;54;44;72;163;94;31;27;29;22;253;14;21;13;1;4;0;7;2;7;6;7;5;2;20;56;37;23;21;47
Dominica;0;0;0;0;0;0;0;0;0;0;0;0;0;0;0;0;0;2;9;3;1;1;0;0;0;0;0;0;0;0;0;2;0;0;0;0;0;0;0;0;0;0;0;0;0;0;0;1;1;0;0;4;0;0;0;7;0;1;1;0;5;4;0;0
Dominican_Republic;0;0;0;0;0;0;0;0;0;0;0;0;0;1;4;6;10;291;547;629;623;1056;1168;1208;873;1538;1422;1820;1529;1697;1646;1684;1848;2408;2097;3265;3249;3578;4233;6102;5581;5930;8113;7259;5121;4558;5215;3558;2690;2158;4061;2940;3087;3486;2308;1612;2845;2960;2052;1907;2554;1805;1946;2325
Ecuador;0;0;0;0;0;0;0;0;0;0;0;0;0;10;5;13;171;883;808;1478;1082;3079;1493;2161;13075;5280;-720;1668;3096;2676;2213;1943;2706;2658;2712;2150;3934;4894;3777;4625;4574;4813;3904;5071;4305;5026;5979;4939;4068;3218;4278;-4839;6347;6866;6056;4572;4292;5489;3532;3755;7520;5512;4286;3836
Egypt;0;0;0;0;0;0;0;0;0;0;1;0;0;1;53;38;117;156;210;203;781;630;842;627;1383;1423;2011;1955;2333;3849;4180;6743;6543;7225;7915;7590;7114;7376;5980;4791;4404;3271;2737;1834;690;828;641;673;677;1114;773;845;783;675;610;573;583;606;646;672;835;836;953;1093
El_Salvador;0;0;0;0;0;0;0;0;0;0;0;0;0;0;0;0;1;8;21;26;47;46;41;60;95;210;229;328;301;406;375;459;362;466;585;742;1126;1066;1307;1367;1533;1768;2060;2015;2076;2143;1643;1508;720;680;488;380;475;390;862;662;566;308;1110;914;610;860;570;1130
Equatorial_Guinea;0;0;0;0;0;0;0;0;0;0;0;0;0;0;0;1;3;5;5;2;2;3;58;5;231;0;124;83;197;324;0;263;0;0;0;695;0;1070;0;0;0;0;0;1750;0;0;0;71;34;15;31;18;10;2;16;12;22;11;5;6;5;9;1;3
Eritrea;0;0;0;0;0;0;0;0;0;0;0;0;0;0;0;0;0;1;11;10;11;1;1;4;0;0;0;0;0;0;0;0;2;0;90;12;48;24;0;17;19;0;14;14;3;3;0;21;9;3;12;31;0;3;5;6;23;16;0;38;9;0;19;11
Estonia;0;0;0;0;0;0;0;0;0;0;0;0;1;1;8;105;152;102;310;282;224;147;180;80;68;40;25;26;33;37;30;19;69;31;7;4;5;4;5;19;6;5;13;34;52;43;23;54;67;64;115;110;122;202;194;253;246;229;134;147;284;360;562;917
Eswatini;0;0;0;0;0;0;0;0;0;0;0;0;0;0;0;1;0;3;5;0;3;3;4;13;39;41;47;28;16;35;41;14;40;139;91;80;102;128;183;295;268;319;378;390;262;442;429;289;259;190;242;175;134;141;130;83;97;81;73;67;54;55;46;58
Ethiopia;0;0;0;0;0;0;0;0;0;0;0;0;0;0;0;1;6;4;5;19;20;19;31;11;10;9;59;69;89;142;337;513;676;895;844;904;907;276;820;894;1243;2269;3475;3452;2901;3275;5701;7789;7556;6910;5335;5112;2908;3334;3353;3195;4069;3992;3740;3321;2853;2446;2092;2101
Falkland_Islands_(Malvinas);0;0;0;0;0;0;0;0;0;0;0;0;0;0;0;0;0;0;0;1;4;0;6;1;1;0;0;0;0;0;0;0;0;0;0;0;0;0;0;0;0;0;0;0;0;0;0;0;0;0;0;0;0;0;0;0;0;0;0;0;0;0;0;0
Faroe_Islands;0;0;0;0;0;0;0;0;0;0;0;0;0;0;3;0;69;50;37;20;5;0;0;3;0;0;0;0;0;0;0;0;0;0;0;0;0;0;1;0;0;3;23;11;16;83;48;12;27;0;2;2;13;6;24;9;8;2;3;8;2;4;1;2
Fiji;0;0;0;0;0;0;0;0;0;0;0;0;0;0;0;0;1;4;0;7;3;1;1;1;0;0;0;0;0;0;0;0;0;0;0;0;0;0;1;7;0;1;0;0;0;0;1;0;0;0;3;1;0;0;0;0;0;0;0;1;0;1;0;0
Finland;0;0;0;0;0;0;1;0;0;0;0;0;2;4;33;170;190;392;426;397;872;577;617;603;456;514;484;316;326;188;175;144;94;92;44;27;47;50;35;16;9;61;36;45;89;91;108;140;131;84;175;208;256;255;504;508;710;1147;1145;855;999;1062;1020;957
France;0;0;0;0;0;3;2;1;5;0;1;0;45;228;1127;3087;6496;11307;17872;24164;17710;16028;13745;8983;6031;4452;7134;2313;2169;1903;4265;2254;2652;2310;1887;2576;2186;3442;2432;1942;3922;3662;4743;4840;7714;8539;14364;15864;19187;27438;36681;36238;41160;58659;59271;50501;60739;94599;90811;121061;207762;193477;211337;264158
French_Polynesia;0;0;0;0;0;0;0;0;0;0;0;0;0;0;0;0;3;22;10;4;12;4;0;2;1;0;2;0;0;0;0;0;0;0;0;0;2;0;0;0;0;0;0;0;0;71;59;44;117;174;167;101;314;209;14;334;562;464;881;975;1249;1465;1687;1046
Gabon;0;0;0;0;0;0;0;0;0;0;0;0;0;0;0;1;2;3;1;14;12;24;52;58;71;97;285;384;428;502;497;372;298;362;766;510;470;304;230;199;373;273;601;342;256;219;219;163;80;65;68;20;33;42;32;38;42;27;34;15;35;49;37;24
Gambia;0;0;0;0;0;0;0;0;0;0;0;0;0;0;0;0;1;2;0;1;0;5;0;1;0;7;3;3;1;1;0;1;0;2;6;7;4;10;6;3;14;68;180;172;437;411;526;565;271;255;187;180;98;98;29;24;15;34;16;11;5;10;10;4
Georgia;0;0;0;0;0;0;0;0;0;0;0;0;2;1;12;15;10;30;20;58;63;61;116;37;86;78;34;24;55;26;10;62;8;35;50;18;13;15;24;32;23;55;72;26;35;72;63;44;62;40;134;296;841;937;969;1976;2056;2575;3169;5417;10446;8633;10282;14432
Germany;0;0;0;0;0;0;4;7;2;2;0;0;42;205;877;2656;10343;17416;25744;28480;22424;16896;14799;10486;7258;5534;5376;3688;2971;3071;2177;1912;1823;1829;1742;3098;2637;2175;1667;1622;2409;1996;2874;3651;4321;4305;5495;8068;5854;5663;6386;6865;6813;8674;10393;8992;11536;19606;25693;32205;57104;80887;78830;89617
Ghana;0;0;0;0;0;0;0;0;0;0;0;0;0;0;0;2;9;42;99;53;108;253;268;320;517;498;1843;1396;327;882;686;994;1341;1480;1472;1564;2277;1703;3834;2550;2054;3100;3952;3390;3083;1307;1128;793;516;457;479;536;342;349;218;434;173;176;168;288;229;365;588;559
Gibraltar;0;0;0;0;0;0;0;0;0;0;0;0;0;0;0;0;10;5;50;30;25;9;4;0;8;3;2;1;0;4;6;15;3;1;0;0;0;2;1;1;0;2;3;3;2;11;14;14;41;15;27;11;11;16;14;32;36;44;55;77;59;26;50;62
Greece;0;0;0;0;0;0;0;0;0;0;0;0;4;6;74;144;236;279;413;457;271;261;62;256;71;92;65;69;76;40;30;31;60;111;95;84;79;92;131;214;161;113;150;360;536;819;1133;1063;1142;1037;1069;1066;1278;1412;1771;1562;1667;1936;1869;2522;4313;6414;9696;11295
Greenland;0;0;0;0;0;0;0;0;0;0;0;0;0;0;0;0;2;2;6;0;1;0;0;0;0;0;0;0;0;0;2;0;0;0;0;0;0;0;0;0;0;0;0;1;0;0;0;0;0;0;0;0;0;0;0;0;0;2;0;0;1;0;0;0
Grenada;0;0;0;0;0;0;0;0;0;0;0;0;0;0;0;0;0;1;8;3;0;2;0;1;3;3;0;0;1;0;1;0;0;0;0;0;0;0;0;0;0;0;0;1;0;0;0;0;0;0;0;0;0;0;0;0;0;0;1;2;1;0;2;2
Guam;0;0;0;0;0;0;0;0;0;0;0;0;0;0;0;0;12;20;24;31;38;9;2;4;5;4;2;1;2;12;6;5;2;6;7;33;23;38;17;9;3;17;17;10;52;38;109;209;353;275;224;227;81;190;169;157;310;325;349;459;330;465;222;330
Guatemala;0;0;0;0;0;0;0;0;0;0;0;0;0;0;0;1;8;12;15;14;37;80;90;127;173;146;197;442;659;1053;1294;1238;1469;1927;2269;2518;2628;3675;4715;4568;4454;7326;3918;5926;3360;3627;4596;4379;3773;3360;3407;2825;2378;2760;3434;2868;2436;3362;2221;2454;2568;2552;1808;2213
Guernsey;0;0;0;0;0;0;0;0;0;0;0;0;0;0;0;0;1;22;22;69;67;38;20;6;2;5;0;0;0;0;0;0;0;0;0;0;0;0;0;0;0;0;0;0;0;0;0;0;0;0;0;1;0;2;1;0;1;1;0;1;6;2;6;6
Guinea;0;0;0;0;0;0;0;0;0;0;0;0;0;0;0;1;0;3;4;44;112;155;158;385;378;346;423;365;422;380;377;291;321;261;242;320;303;159;247;444;289;317;308;262;347;354;464;450;235;242;240;297;165;214;153;174;148;196;259;283;131;403;259;128
Guinea_Bissau;0;0;0;0;0;0;0;0;0;0;0;0;0;0;0;0;0;0;2;13;18;6;11;2;21;219;302;226;170;124;64;161;29;21;103;64;58;40;136;52;85;27;0;27;51;20;65;32;0;56;40;0;30;28;21;0;38;0;23;18;0;0;10;0
Guyana;0;0;0;0;0;0;0;0;0;0;0;0;0;0;0;1;4;0;3;15;14;10;16;7;5;7;12;19;11;3;23;3;1;5;12;34;25;20;35;12;18;35;39;41;108;30;141;172;212;213;153;291;208;311;440;185;294;217;215;176;227;120;181;200
Haiti;0;0;0;0;0;0;0;0;0;0;0;0;0;0;0;0;2;5;8;3;9;13;4;28;4;9;61;88;299;332;578;1064;827;607;747;523;566;324;331;295;248;192;173;128;114;67;230;137;135;73;112;93;101;89;65;82;53;41;65;51;50;28;46;37
Holy_See;0;0;0;0;0;0;0;0;0;0;0;0;0;0;1;0;0;0;5;1;1;0;0;1;0;2;1;0;0;0;0;0;0;0;0;0;0;0;0;0;0;0;0;0;0;0;0;0;0;0;0;0;0;0;0;0;0;0;14;0;0;0;0;0
Honduras;0;0;0;0;0;0;0;0;0;0;0;0;0;0;0;3;21;12;103;125;79;64;65;47;219;317;716;484;543;945;1009;775;800;1805;2167;3057;3651;4113;4308;2662;3655;4357;3639;2944;3070;2648;2099;2879;3268;4365;3338;1450;2818;2996;2224;3060;3120;3126;2943;4143;2982;3674;2236;1449
Hungary;0;0;0;0;0;0;0;0;0;0;0;0;0;2;7;22;54;141;221;231;302;532;404;467;344;308;178;167;176;185;100;90;39;83;26;28;31;28;39;29;59;87;76;70;71;149;170;182;190;851;1753;2299;4269;4406;4211;4232;4989;5366;5361;7155;11383;13758;19595;24002
Iceland;0;0;0;0;0;0;0;0;0;0;0;0;1;25;39;73;192;318;372;344;252;95;49;29;6;4;2;1;0;2;1;1;1;1;4;3;5;10;3;0;3;4;14;39;39;36;43;39;32;25;29;21;17;172;215;167;252;480;377;356;255;349;192;112
India;0;0;0;0;0;0;1;2;0;0;0;0;0;25;16;46;101;371;509;1831;2832;4629;5349;7365;8255;11201;17129;18341;23136;30729;33931;41816;48996;52382;57953;73269;88644;96685;116873;135837;160462;199919;244521;267567;276351;302564;318025;328038;334533;380932;422645;448603;457945;467221;416352;408652;372498;368724;316662;280639;258852;227160;226967;227644
Indonesia;0;0;0;0;0;0;0;0;0;0;0;0;0;2;4;90;131;459;599;701;970;1601;1691;1527;1736;1681;1920;2326;2572;3735;2793;3011;3637;5220;5025;5414;5967;6582;6832;9473;7431;8621;8552;9633;8817;10023;10773;9859;10757;14631;15869;16538;17827;19646;22169;20163;20112;21832;20208;19682;20870;17233;14786;18838
Iran;0;0;0;0;0;0;0;0;0;0;0;43;345;2534;4239;5568;5678;6404;13498;12159;14118;8717;7565;6158;5558;4840;7267;8034;9767;11029;10328;13713;14227;10756;12506;12474;12655;12683;12825;11615;12137;11973;12193;13146;13365;11072;12014;11561;8599;11849;9454;10822;11865;14787;17742;17337;18455;20579;21582;21835;29226;36056;41212;46785
Iraq;0;0;0;0;0;0;0;0;0;0;0;0;7;24;30;24;92;139;231;225;430;176;104;195;170;449;307;429;522;718;1185;1930;4979;5404;6484;8422;10586;10446;10993;12805;10665;11694;12720;14119;13899;16392;19936;20154;18699;19150;21785;21699;20284;20333;22664;21282;19968;17175;16678;17796;17109;18926;15237;15863
Ireland;0;0;0;0;0;0;0;0;0;0;0;0;0;6;15;108;428;772;1286;1658;1951;4423;4111;2849;2270;1629;1035;860;799;382;259;225;135;49;91;42;54;52;49;90;102;89;73;217;263;429;456;498;608;448;723;826;1189;1384;1382;1840;2396;3163;4715;5827;4872;3931;2424;2176
Isle_of_Man;0;0;0;0;0;0;0;0;0;0;0;0;0;0;0;0;0;23;19;72;44;84;55;10;2;12;8;3;3;1;0;0;0;0;0;0;0;0;0;0;0;0;0;0;0;0;0;0;0;0;0;1;2;0;1;0;4;1;3;0;0;5;4;0
Israel;0;0;0;0;0;0;0;0;0;0;0;2;5;8;24;139;499;1253;2317;3181;1976;2182;1679;1617;707;619;228;112;73;69;182;470;573;961;1018;1188;2339;4121;4680;6448;8789;8626;8373;7825;7771;6905;5721;8036;8248;8066;12143;17369;20252;21633;26846;32860;24176;17694;10198;6302;3645;3553;3855;2628
Italy;0;0;0;0;0;0;0;3;0;0;0;129;756;2201;6083;11985;19878;28141;28513;22138;19595;20094;16409;14048;11532;9212;6468;4919;3782;3441;2405;1783;1483;1307;1523;892;1416;825;995;1105;906;1065;1254;1546;1372;2033;2678;3150;5475;6674;7124;6842;6810;8166;8079;8626;12725;21908;32108;52847;91333;121892;142703;169996
Jamaica;0;0;0;0;0;0;0;0;0;0;0;0;0;0;0;8;8;5;13;19;10;10;100;79;129;88;21;19;11;30;19;21;8;16;12;39;25;25;30;13;10;48;37;30;75;89;66;233;458;553;667;487;531;946;712;762;550;547;508;307;340;291;321;216
Japan;0;0;0;1;0;1;9;9;5;5;36;78;86;87;197;266;170;243;673;1069;1833;2877;2716;1879;1612;1205;571;451;286;185;169;267;188;208;286;300;422;678;1106;1694;2264;2897;2960;6092;7734;5697;5440;5781;3935;3724;3027;2482;2547;2209;2398;1955;3037;2865;2519;2502;3141;3318;3446;5145
Jersey;0;0;0;0;0;0;0;0;0;0;0;0;0;0;0;0;5;13;45;55;52;47;28;31;8;8;1;3;7;3;2;0;3;2;5;0;1;1;5;0;6;0;3;1;10;2;8;8;8;3;10;-5;7;7;7;14;17;18;41;26;14;44;46;52
Jordan;0;0;0;0;0;0;0;0;0;0;0;0;0;1;0;0;55;71;132;40;59;33;22;24;12;12;47;74;47;75;24;27;53;107;72;55;69;25;33;10;30;-89;56;18;38;51;95;154;224;278;319;386;938;1102;2432;4614;5639;6534;9011;7963;12115;16219;21928;23752
Kazakhstan;0;0;0;0;0;0;0;0;0;0;0;0;0;0;0;6;43;30;205;176;299;420;475;680;729;901;870;737;1180;1571;1610;1864;1063;1379;1639;2354;2549;23295;6984;8830;8814;8096;7849;12126;11156;7685;6024;4604;1421;3932;2328;1665;1469;1397;1427;1076;946;1728;1129;1205;1497;2236;3026;3726
Kenya;0;0;0;0;0;0;0;0;0;0;0;0;0;0;0;1;6;18;17;80;57;29;54;58;54;91;156;116;175;280;426;475;674;538;739;753;1014;1130;1309;1855;1957;2743;3170;3388;3048;3014;2695;1643;1253;1185;819;583;602;776;726;822;920;1709;1985;2504;4074;4076;4790;4657
Kosovo;0;0;0;0;0;0;0;0;0;0;0;0;0;0;0;5;16;42;35;49;77;156;153;136;129;53;11;65;61;44;20;71;111;150;449;383;374;474;639;1228;541;814;1127;1141;1134;902;826;752;672;614;573;419;317;300;316;241;194;316;372;637;804;1385;2217;3247
Kuwait;0;0;0;0;0;0;0;0;0;0;0;3;42;11;9;39;44;43;64;87;513;445;452;647;1041;1543;2225;3820;4663;4773;3648;4537;3199;3104;2581;2758;4100;3468;3386;3649;3327;2964;3194;3069;2597;3023;3137;3064;3002;2838;3854;3859;3479;3133;3007;2741;2410;2976;3447;3703;3917;3702;3506;3635
Kyrgyzstan;0;0;0;0;0;0;0;0;0;0;0;0;0;0;0;0;6;36;42;60;136;150;124;102;73;101;101;151;161;160;259;209;161;175;450;862;1229;2019;1719;2631;13489;5720;3518;2875;2443;1597;1232;712;756;499;445;281;388;399;619;751;958;1125;2096;2439;2711;2708;2431;2651
Laos;0;0;0;0;0;0;0;0;0;0;0;0;0;0;0;0;0;2;4;4;5;4;0;0;0;0;0;0;0;0;0;0;0;0;0;0;0;0;0;0;0;0;1;0;0;0;0;2;0;0;0;0;1;0;0;0;0;0;0;0;1;0;0;0
Latvia;0;0;0;0;0;0;0;0;0;0;0;0;0;1;5;20;60;111;179;117;84;78;57;66;58;43;49;23;58;37;15;18;9;8;8;7;4;7;12;39;12;12;23;18;37;28;19;8;30;36;29;23;34;43;100;199;302;470;460;553;1069;1001;1073;1435
Lebanon;0;0;0;0;0;0;0;0;0;0;0;1;2;10;28;52;56;155;134;56;81;57;40;16;29;20;59;82;53;166;71;74;89;91;67;114;116;77;111;427;366;404;778;848;942;1449;1760;2699;2668;3060;2703;2426;3012;3854;4659;5672;6023;6901;6187;5591;7054;8139;7568;8258
Lesotho;0;0;0;0;0;0;0;0;0;0;0;0;0;0;0;0;0;0;0;0;0;0;0;0;0;0;0;0;1;1;0;0;2;0;0;0;20;11;56;142;78;48;146;197;40;39;165;69;36;34;63;16;81;179;134;37;88;117;33;0;107;7;16;4
Liberia;0;0;0;0;0;0;0;0;0;0;0;0;0;0;0;0;2;1;0;4;24;28;22;20;40;17;41;14;16;26;14;42;48;62;88;141;79;90;98;93;75;29;53;22;35;26;7;28;13;6;2;9;12;8;3;5;11;9;11;10;9;33;12;14
Libya;0;0;0;0;0;0;0;0;0;0;0;0;0;0;0;0;0;1;7;3;10;5;23;11;1;2;1;0;1;10;30;77;74;153;58;104;142;178;291;251;271;472;651;794;854;1454;1809;1969;2127;2132;3128;3845;3205;3805;3341;3235;2912;4249;4990;4230;5107;4615;3959;4453
Liechtenstein;0;0;0;0;0;0;0;0;0;0;0;0;0;1;0;3;21;22;15;13;4;2;1;0;1;0;0;0;0;0;0;0;0;0;0;0;0;0;2;0;1;1;0;2;0;0;4;7;5;3;0;1;2;1;5;3;9;9;39;72;116;158;150;144
Lithuania;0;0;0;0;0;0;0;0;0;0;0;0;1;0;0;8;39;161;275;287;141;158;228;112;-66;66;26;69;42;69;40;26;32;42;22;23;12;12;19;25;39;52;59;74;78;112;133;148;162;180;134;159;243;302;440;509;592;678;797;1168;2256;3639;4269;7663
Luxembourg;0;0;0;0;0;0;0;0;0;0;0;0;0;1;4;33;307;754;851;662;422;258;245;128;76;83;47;33;43;43;18;12;19;16;30;36;96;178;208;322;360;569;467;374;378;169;197;265;224;-1251;177;234;196;520;429;276;416;435;884;997;2963;2930;3210;2707
Madagascar;0;0;0;0;0;0;0;0;0;0;0;0;0;0;0;0;0;19;18;28;28;13;11;4;7;21;20;43;110;126;208;189;207;178;148;262;365;398;1069;1395;1600;1695;1528;1583;1253;791;510;391;336;309;406;355;179;250;168;187;162;132;52;56;158;0;143;112
Malawi;0;0;0;0;0;0;0;0;0;0;0;0;0;0;0;0;0;0;0;3;5;8;1;16;3;3;4;20;7;13;120;155;80;43;91;231;235;364;475;487;446;492;407;477;305;221;360;210;192;92;45;44;46;30;30;12;21;27;15;25;29;33;11;19
Malaysia;0;0;0;0;0;3;4;1;8;3;3;0;3;25;67;121;662;724;846;863;786;698;488;298;248;447;237;244;162;244;444;248;445;80;113;72;29;27;31;44;37;76;73;81;53;65;97;49;42;49;51;237;341;250;357;559;1678;2283;3033;4096;4340;4334;4526;5756
Maldives;0;0;0;0;0;0;0;0;0;0;0;0;0;0;4;5;4;0;4;2;0;1;15;75;135;282;117;311;151;197;210;328;62;100;117;97;88;95;101;230;182;190;266;580;731;543;562;779;661;583;678;414;428;396;290;277;276;292;254;158;234;138;179;187
Mali;0;0;0;0;0;0;0;0;0;0;0;0;0;0;0;0;0;0;18;21;20;64;93;93;115;139;105;90;116;141;179;157;182;219;138;71;157;142;88;63;56;27;19;22;17;25;37;74;29;59;57;76;31;73;51;54;71;84;95;43;79;55;64;97
Malta;0;0;0;0;0;0;0;0;0;0;0;0;0;0;3;15;34;62;37;51;97;85;42;18;13;19;12;19;50;51;7;4;9;16;17;3;5;1;2;1;0;4;22;55;85;196;270;240;207;133;130;190;250;276;198;129;269;354;471;719;626;445;648;653
Marshall_Islands;0;0;0;0;0;0;0;0;0;0;0;0;0;0;0;0;0;0;0;0;0;0;0;0;0;0;0;0;0;0;0;0;0;0;0;0;0;0;0;0;0;0;0;0;0;0;0;0;0;0;0;0;0;0;0;0;0;0;0;0;0;1;0;0
Mauritania;0;0;0;0;0;0;0;0;0;0;0;0;0;0;0;1;1;0;3;1;0;1;0;0;0;1;0;1;72;146;65;376;279;492;618;927;923;565;407;247;320;477;248;139;72;168;151;184;75;88;86;68;117;49;65;55;35;0;42;56;41;15;67;76
Mauritius;0;0;0;0;0;0;0;0;0;0;0;0;0;0;0;0;3;39;68;76;87;51;1;6;1;0;0;0;0;0;2;1;2;0;0;3;1;0;1;0;1;0;1;0;0;0;2;0;0;10;0;0;6;5;0;14;0;14;12;12;16;6;11;0
Mexico;0;0;0;1;0;0;1;0;0;1;0;1;10;8;9;178;455;558;898;1617;2046;2694;4548;6216;7226;7492;11621;11855;14271;17638;19428;19083;20105;28500;24610;24894;29167;32065;29205;28640;42012;33663;31428;33632;30878;26401;24011;31375;25406;24324;28484;25935;19863;17992;27700;21141;18747;22960;15734;13987;30446;27651;24819;29155
Moldova;0;0;0;0;0;0;0;0;0;0;0;0;0;0;1;19;29;76;138;328;583;538;639;575;712;483;607;678;732;856;731;823;1152;1393;1639;1631;1717;1070;991;1241;1112;1304;1356;1959;1515;1595;1960;2301;2498;1938;2553;2231;2030;2862;3070;3376;3859;4861;3314;2882;3545;3698;3306;4170
Monaco;0;0;0;0;0;0;0;0;0;0;0;0;1;0;0;6;5;11;12;12;7;10;1;0;1;0;0;0;1;0;0;0;0;0;0;1;2;3;2;1;0;3;2;3;7;4;4;7;16;16;9;18;13;15;15;10;5;10;20;18;35;49;57;78
Mongolia;0;0;0;0;0;0;0;0;0;0;0;0;0;0;1;0;4;5;2;2;2;0;15;5;2;2;2;19;79;1;38;6;9;3;4;14;4;1;0;10;57;0;2;4;0;0;5;0;3;3;6;1;0;1;1;0;2;1;4;7;12;7;7;15
Montenegro;0;0;0;0;0;0;0;0;0;0;0;0;0;0;0;0;13;34;38;89;75;25;33;12;2;1;2;0;0;0;0;0;0;0;9;34;102;147;291;314;397;319;956;305;282;268;287;242;222;336;587;800;839;1551;1350;810;1587;1282;1031;1220;905;1269;2785;2757
Montserrat;0;0;0;0;0;0;0;0;0;0;0;0;0;0;0;0;0;1;4;0;4;2;0;0;0;0;0;0;0;0;0;0;0;0;0;0;0;0;0;1;0;0;1;0;0;0;0;0;0;0;0;0;0;0;0;0;0;0;0;0;0;0;0;0
Morocco;0;0;0;0;0;0;0;0;0;0;0;0;0;1;1;16;45;107;309;229;567;488;922;883;684;651;808;801;440;454;237;223;358;386;387;1175;1705;1092;1360;1416;981;1236;2925;4128;4629;5551;7294;6758;6617;6726;7570;9607;10557;11419;10779;11131;11042;15146;13809;15353;18478;17813;20016;24641
Mozambique;0;0;0;0;0;0;0;0;0;0;0;0;0;0;0;0;0;1;7;2;7;10;8;11;30;4;2;25;38;23;65;74;119;83;142;86;102;79;122;117;245;155;144;206;213;361;374;340;395;326;425;491;881;1058;818;1139;568;548;693;653;796;791;506;540
Myanmar;0;0;0;0;0;0;0;0;0;0;0;0;0;0;0;0;0;3;5;12;2;40;45;25;18;5;22;4;10;10;5;27;10;18;2;28;5;8;12;15;8;4;7;3;6;1;15;60;151;301;432;946;1371;2169;3307;4261;5408;7283;6287;6151;6272;6722;5444;5035
Namibia;0;0;0;0;0;0;0;0;0;0;0;0;0;0;0;2;0;1;8;3;2;0;0;0;0;0;0;0;0;4;2;3;4;2;5;27;58;172;246;246;293;324;441;381;428;577;925;1073;1204;1119;964;742;645;476;458;430;389;237;212;264;293;247;139;194
Nepal;0;0;0;0;0;1;0;0;0;0;0;0;0;0;0;0;0;2;2;1;3;5;17;17;6;21;26;118;156;209;458;1057;1349;1614;2115;1849;2729;2764;1445;837;644;649;658;1334;1664;2198;2712;3823;3935;5042;5817;5188;6323;7334;6492;7203;11446;16421;16061;17384;18960;10146;14688;14101
Netherlands;0;0;0;0;0;0;0;0;0;0;0;0;2;36;283;638;1501;3100;5306;4857;4826;6002;5038;4140;2687;2155;1522;1118;930;923;886;697;927;887;743;454;416;338;282;328;432;787;910;1581;2250;2936;3025;2583;2520;2550;3194;4648;6259;8987;12126;14903;19608;27761;35630;40391;46822;50049;42092;31181
New_Caledonia;0;0;0;0;0;0;0;0;0;0;0;0;0;0;0;0;0;9;6;3;0;0;0;0;0;0;0;0;0;0;1;1;0;1;0;0;0;0;0;0;1;0;0;0;0;1;0;0;0;0;3;0;0;0;1;0;0;0;0;0;0;1;0;1
New_Zealand;0;0;0;0;0;0;0;0;0;0;0;0;1;2;2;3;31;150;363;272;168;80;26;16;12;11;5;5;6;1;0;0;0;0;3;8;11;4;7;7;6;5;2;8;4;1;60;41;30;50;20;21;9;13;11;5;22;13;9;32;28;17;16;14
Nicaragua;0;0;0;0;0;0;0;0;0;0;0;0;0;0;0;0;1;1;2;1;1;3;0;1;3;1;2;9;0;254;480;359;191;346;359;0;156;349;327;0;301;292;0;233;230;213;0;196;183;0;174;150;143;0;112;97;0;94;89;81;0;80;0;77
Niger;0;0;0;0;0;0;0;0;0;0;0;0;0;0;0;0;0;7;3;88;244;206;91;32;38;41;45;65;49;34;12;5;13;5;42;26;22;13;13;5;3;20;10;4;17;5;9;5;1;3;1;1;2;8;6;3;3;1;6;5;3;5;5;18
Nigeria;0;0;0;0;0;0;0;0;0;0;0;0;1;0;1;0;6;36;53;93;86;67;199;439;551;1026;1354;1059;1204;1351;1389;1904;1667;2695;2554;3184;3158;3033;2679;2769;2896;2890;2836;2357;1707;2046;1778;2236;1717;987;897;924;649;764;820;786;617;638;731;796;362;699;637;856
North_Macedonia;0;0;0;0;0;0;0;0;0;0;0;0;1;0;2;10;35;100;111;171;187;237;316;130;121;90;75;108;123;124;137;313;637;678;776;714;720;727;597;871;661;775;667;686;389;676;774;479;581;531;432;531;632;810;608;634;896;1682;1615;2026;2758;3494;4649;5178
Northern_Mariana_Islands;0;0;0;0;0;0;0;0;0;0;0;0;0;0;0;0;0;0;0;8;3;0;3;0;0;0;1;4;2;1;0;1;4;3;0;0;0;1;0;2;4;1;2;5;2;2;1;4;0;2;2;1;2;8;0;1;5;2;3;8;4;0;4;4
Norway;0;0;0;0;0;0;0;0;0;0;0;0;6;50;136;715;645;1014;1536;1106;802;478;496;361;260;204;225;124;91;60;92;45;58;102;54;85;70;80;41;29;50;38;64;91;201;275;166;347;257;190;476;626;531;368;761;508;543;764;732;650;629;2331;2391;2773
Oman;0;0;0;0;0;0;0;0;0;0;0;0;6;9;3;2;19;45;83;64;188;394;367;536;415;437;544;907;1360;1878;1752;3790;4083;4189;5008;4997;5877;5602;6442;7018;8178;7354;5511;2101;1554;1337;1036;683;1049;904;658;1957;2323;2815;2432;2678;3229;2315;4167;2737;1899;1502;2413;1656
Pakistan;0;0;0;0;0;0;0;0;0;0;0;0;2;3;11;14;448;513;535;765;2031;1394;2277;3162;3730;5301;7288;8314;8178;10635;9427;16435;23208;28734;27713;24916;17921;18941;15593;14136;10292;7274;6034;3080;4340;3276;3294;2959;2464;1511;2360;1862;2718;3215;3277;3225;2921;3205;2945;2867;3858;4391;5882;7601
Palestine;0;0;0;0;0;0;0;0;0;0;0;0;0;0;20;18;9;13;46;49;108;5;45;23;159;27;25;1;19;35;23;5;21;18;32;495;857;1364;1675;1946;2018;2224;2177;2098;1879;2160;2341;2463;2366;3105;3540;3805;4199;4033;2836;2259;2413;2180;2307;2154;2451;2696;3176;2923
Panama;0;0;0;0;0;0;0;0;0;0;0;0;0;0;1;42;94;306;546;684;855;944;801;893;1034;997;873;874;782;851;1554;1964;2330;2786;3386;4155;3906;4579;5054;5342;5775;4498;5536;4941;5035;5046;5476;2452;4690;3900;3323;3410;3117;3371;3228;3164;3324;3747;3217;2856;3461;3667;3157;4307
Papua_New_Guinea;0;0;0;0;0;0;0;0;0;0;0;0;0;0;0;0;0;1;0;0;1;0;5;1;0;0;0;0;0;0;0;0;0;0;0;1;2;0;0;0;4;15;32;29;72;51;109;38;58;40;29;19;4;6;15;2;7;8;29;3;7;1;8;2
Paraguay;0;0;0;0;0;0;0;0;0;0;0;0;0;0;1;6;6;24;27;32;28;35;43;18;19;157;167;177;48;62;50;113;122;119;54;84;550;361;199;446;509;543;548;937;890;1144;2272;2745;2336;2790;4209;3760;3667;4222;3706;3532;3957;4263;3618;3477;3521;3002;2662;2690
Peru;0;0;0;0;0;0;0;0;0;0;0;0;0;0;9;34;191;182;436;743;2747;3177;6901;6494;10276;14738;15919;14459;18627;20821;26025;28260;26476;24234;20159;14028;21053;16015;17274;17048;19211;21013;23167;32466;33226;34271;46266;40121;37311;38659;31665;26365;27953;30875;25689;20245;15170;16089;13652;14378;14597;11465;11607;11740
Philippines;0;0;0;0;0;0;1;1;1;0;0;0;0;0;30;78;119;322;866;1600;852;1062;1155;894;977;1265;1240;1155;1100;1059;1811;3409;2898;2892;2451;3444;4121;4002;9068;8386;6742;9268;9771;16192;21228;20078;21715;21112;19996;18458;13751;14377;20460;17336;12618;9942;15459;12164;11772;12077;9253;8905;9204;10312
Poland;0;0;0;0;0;0;0;0;0;0;0;0;0;1;16;87;251;546;961;1521;1822;1729;1808;1769;1707;1475;1673;1838;1681;2046;1894;1570;2166;2016;2124;1526;1487;1432;1266;1479;1516;1755;2240;2944;3169;3446;3723;3597;3521;3570;3015;2066;2681;4106;5156;7118;10566;19558;28265;42636;61149;87146;98702;128602
Portugal;0;0;0;0;0;0;0;0;0;0;0;0;0;5;34;130;616;1577;3600;3924;3255;3793;2751;2668;1971;1200;1744;864;1077;1262;1125;1299;1598;1687;1492;1720;1797;1593;1634;2096;1565;1073;1149;1011;751;884;1157;1109;1063;1738;1931;2183;2895;3556;3478;3487;4343;5689;7720;10442;14950;18586;19668;26480
Puerto_Rico;0;0;0;0;0;0;0;0;0;0;0;0;0;0;0;0;0;0;127;251;242;283;215;134;148;408;348;173;381;390;386;449;1050;551;467;561;502;542;1106;1107;1299;1918;2403;2431;2062;3469;2603;2843;1895;2455;1293;1787;1893;3666;3067;3850;2550;2059;2721;2558;3860;3240;3277;3733
Qatar;0;0;0;0;0;0;0;0;0;0;0;0;0;8;10;319;123;66;108;315;1261;1021;1777;2756;4157;3630;4650;6338;7430;8244;8701;9345;8531;7798;6586;5229;5260;4234;3048;2653;2300;1973;1726;1314;1181;1554;1434;1401;1261;1036;1086;1188;1162;1162;1274;1110;932;1086;1025;1141;1226;1173;1027;1063
Romania;0;0;0;0;0;0;0;0;0;0;0;0;3;1;13;96;164;485;998;1423;1578;1872;1785;1678;1520;1547;1648;1191;1034;821;934;726;962;925;1356;1531;1731;1724;1874;2915;3267;4361;5739;6209;5784;5867;6699;5894;5291;5894;6324;5820;5614;7483;6902;7889;9919;14912;16087;17764;23394;25938;31502;39903
Russia;0;0;0;0;0;0;0;2;0;0;0;0;0;2;6;49;140;296;1039;2615;4523;9656;18465;25980;30785;41129;53172;54412;48407;45204;43169;44690;43932;43750;41878;38979;35366;33519;33065;32932;32041;29987;28930;27323;26451;25705;25254;24123;23889;24454;24991;26060;27479;29550;32649;40238;49603;59195;69079;77472;82242;86099;93478;102678
Rwanda;0;0;0;0;0;0;0;0;0;0;0;0;0;0;0;1;10;29;30;19;21;17;17;10;58;47;14;14;10;28;24;35;55;71;129;148;91;185;109;165;148;204;190;163;69;60;282;327;845;438;286;130;145;87;87;42;27;25;61;44;69;68;40;68
Saint_Kitts_and_Nevis;0;0;0;0;0;0;0;0;0;0;0;0;0;0;0;0;0;0;7;2;2;1;2;1;0;0;0;0;0;0;0;0;0;0;0;0;0;0;1;1;0;0;0;0;0;0;0;0;0;0;0;0;0;0;2;0;0;0;0;0;0;0;0;0
Saint_Lucia;0;0;0;0;0;0;0;0;0;0;0;0;0;0;0;2;0;0;7;4;1;1;0;0;0;3;0;0;0;0;0;0;1;0;0;0;0;3;0;0;1;0;1;1;0;0;0;1;0;0;0;1;0;0;0;0;0;2;2;5;18;24;27;36
Saint_Vincent_and_the_Grenadines;0;0;0;0;0;0;0;0;0;0;0;0;0;0;0;1;0;0;0;6;1;4;0;1;3;1;0;0;0;1;7;1;0;1;2;0;0;0;0;6;3;12;2;3;1;1;0;1;0;2;1;1;2;0;0;0;0;0;0;4;5;1;1;1
San_Marino;0;0;0;0;0;0;0;0;0;0;0;0;1;14;34;43;34;61;42;22;57;48;99;46;52;29;41;20;11;11;5;17;0;7;2;2;0;0;0;1;0;0;0;0;11;0;0;0;0;5;1;6;1;0;4;5;0;20;7;7;53;109;66;120
Sao_Tome_and_Principe;0;0;0;0;0;0;0;0;0;0;0;0;0;0;0;0;0;0;0;0;4;0;0;4;3;7;190;27;11;45;167;26;30;136;33;19;11;4;7;5;12;6;118;9;4;3;4;3;4;4;2;3;6;1;3;0;2;9;7;4;7;5;13;4
Saudi_Arabia;0;0;0;0;0;0;0;0;0;0;0;0;0;1;14;71;152;529;462;656;1047;2002;3340;5656;6147;6934;8421;9398;12515;12816;10024;8826;12903;18028;21292;19771;17499;19104;19500;15151;13592;12305;10778;8544;6748;7242;7074;6644;5650;4936;4160;3788;3210;2824;2575;2276;2161;2178;2118;1906;1907;2005;2056;2048
Senegal;0;0;0;0;0;0;0;0;0;0;0;0;0;3;1;17;15;50;56;65;37;47;59;129;344;359;369;554;439;432;372;488;492;523;518;601;489;595;493;588;409;577;643;520;431;665;782;527;497;425;337;202;379;185;102;166;140;122;104;111;92;54;35;71
Serbia;0;0;0;0;0;0;0;0;0;0;0;0;0;0;1;45;80;123;492;735;1190;1388;1940;1282;1221;967;479;352;404;393;208;154;369;352;347;468;802;1403;1524;1641;1749;1922;2110;1741;1450;1165;1185;696;596;432;443;287;375;397;330;313;350;784;769;1154;2878;5651;8358;10570
Seychelles;0;0;0;0;0;0;0;0;0;0;0;0;0;0;0;2;4;1;1;2;0;0;1;0;0;0;0;0;0;0;0;0;0;0;0;0;0;0;70;19;0;14;0;0;12;1;0;5;4;0;0;1;3;1;2;1;4;0;1;0;4;0;4;1
Sierra_Leone;0;0;0;0;0;0;0;0;0;0;0;0;0;0;0;0;0;0;0;2;5;4;19;34;40;53;100;130;132;102;191;84;73;134;146;91;70;108;54;63;53;43;52;40;54;55;24;16;31;23;15;28;57;42;31;32;38;31;23;13;10;19;4;16
Singapore;0;0;0;0;0;3;7;8;22;18;23;8;9;14;48;54;131;213;286;270;509;1295;3074;5186;3773;3254;3502;3639;2997;2725;2181;2587;2074;1940;1366;1097;933;1064;830;821;1492;1291;2094;1674;2043;798;394;469;279;317;170;247;259;88;89;77;77;47;26;29;49;33;33;28
Sint_Maarten;0;0;0;0;0;0;0;0;0;0;0;0;0;1;0;0;0;0;2;20;17;12;12;9;2;1;0;1;0;0;0;0;0;0;0;0;0;0;1;0;1;2;33;14;48;43;98;36;89;34;35;19;19;35;43;40;19;21;30;19;28;21;65;26
Slovakia;0;0;0;0;0;0;0;0;0;0;0;0;0;0;5;39;79;81;132;114;232;87;320;236;59;24;47;14;26;9;16;2;6;14;19;27;69;43;67;134;64;93;123;156;143;135;287;323;311;381;609;495;747;909;1371;2093;3351;5305;5428;7175;12443;11248;11681;9300
Slovenia;0;0;0;0;0;0;0;0;0;0;0;0;0;1;15;165;138;161;250;204;157;121;105;49;42;31;15;10;3;1;5;2;10;5;13;18;51;61;106;102;75;99;72;84;52;49;144;158;148;170;239;257;449;583;587;683;884;1680;2430;3791;8475;9560;6898;6217
Solomon_Islands;0;0;0;0;0;0;0;0;0;0;0;0;0;0;0;0;0;0;0;0;0;0;0;0;0;0;0;0;0;0;0;0;0;0;0;0;0;0;0;0;0;0;0;0;0;0;0;0;0;0;0;0;0;0;0;0;0;0;2;1;1;4;5;0
Somalia;0;0;0;0;0;0;0;0;0;0;0;0;0;0;0;0;1;0;2;2;3;17;110;193;200;194;206;291;236;139;234;261;245;179;183;116;66;66;71;44;47;55;17;34;15;0;29;9;10;35;22;39;18;53;23;123;157;102;17;26;51;0;288;72
South_Africa;0;0;0;0;0;0;0;0;0;0;0;0;0;0;7;17;126;407;723;225;340;427;762;919;1043;1787;2112;3179;4359;4910;6060;8409;12473;13642;18485;21178;30210;36261;47794;60387;61352;57354;57581;50761;34894;27925;21236;15993;12363;11340;9843;7554;7083;9690;7318;5810;7876;8681;7288;8120;9564;7814;6866;7977
South_Korea;0;0;0;0;1;1;2;12;9;3;18;716;2169;2835;1747;649;490;485;524;495;267;141;97;47;53;40;39;151;87;112;212;188;224;237;206;227;231;252;277;235;232;227;265;133;183;195;801;1487;1704;1476;995;742;585;541;471;296;427;367;429;389;531;556;539;603
South_Sudan;0;0;0;0;0;0;0;0;0;0;0;0;0;0;0;0;0;0;0;0;2;2;0;0;30;12;74;83;79;281;243;188;323;353;137;85;66;78;62;41;52;20;94;47;106;14;17;8;13;17;17;11;37;50;34;28;22;35;46;40;36;20;40;17
Spain;0;0;0;0;0;0;0;1;0;1;0;0;52;294;1951;7486;16519;31202;38616;37076;25737;19132;15185;12511;8179;5263;4756;5579;2497;3735;2792;1762;1391;1888;1663;1484;2018;1775;1968;3440;4302;9911;10444;7912;25840;15422;29298;26972;43453;41466;28016;67337;48034;57108;45013;62126;46803;35702;75448;68735;93025;87358;120638;92297
Sri_Lanka;0;0;0;0;0;0;1;0;0;0;0;0;0;0;0;10;42;49;18;31;38;29;36;114;251;99;117;80;77;97;441;153;152;45;44;27;82;33;15;536;80;55;53;10;24;41;13;48;43;65;72;34;116;16;58;35;353;895;616;567;2061;2552;1763;2098
Sudan;0;0;0;0;0;0;0;0;0;0;0;0;0;0;0;1;1;1;2;2;7;15;37;96;156;360;433;707;773;1037;718;964;773;796;1141;678;560;315;424;253;277;600;297;220;136;253;377;213;351;215;0;248;98;20;37;48;13;17;21;33;18;23;178;212
Suriname;0;0;0;0;0;0;0;0;0;0;0;0;0;0;0;1;0;7;0;2;0;0;0;0;0;0;0;0;1;0;1;42;68;65;74;58;72;156;67;127;202;233;307;277;336;463;457;444;264;310;286;157;148;98;94;60;77;81;59;50;26;31;19;21
Sweden;0;0;0;0;0;0;0;1;0;0;0;0;10;51;264;668;559;846;1545;2532;2478;2395;2926;3036;2858;2527;3363;2695;2392;3019;3021;3018;4473;5673;4801;4522;6245;3317;1902;1650;1321;955;733;1447;1339;1326;1439;1470;857;722;1103;1056;1115;1568;2426;2171;2336;3743;3584;4257;7095;14192;13951;19514
Switzerland;0;0;0;0;0;0;0;0;0;0;0;0;12;45;317;985;2504;4926;5485;4953;3483;2789;1823;1092;767;641;302;206;184;128;71;78;91;98;120;127;245;412;400;514;498;500;594;1022;607;787;1225;1201;1308;1529;1780;1753;2038;1531;2576;1415;2641;4427;10910;15027;17156;50405;37975;36702
Syria;0;0;0;0;0;0;0;0;0;0;0;0;0;0;0;0;0;1;8;7;3;6;13;4;1;1;3;1;10;12;51;2;18;23;14;41;37;56;60;22;102;65;113;83;187;383;350;396;367;325;339;312;198;186;201;199;211;262;258;249;228;275;281;320
Taiwan;0;0;0;0;0;3;5;2;8;0;4;6;11;3;3;14;49;108;90;49;24;14;5;29;2;7;4;0;0;1;0;2;0;0;2;1;1;2;0;2;3;1;12;7;3;4;4;2;0;1;5;3;4;9;1;4;4;9;8;8;7;5;14;11
Tajikistan;0;0;0;0;0;0;0;0;0;0;0;0;0;0;0;0;0;0;0;0;0;0;0;0;0;76;446;279;928;822;1012;450;516;373;319;292;286;259;257;237;234;229;220;216;214;206;194;176;172;170;174;182;190;217;216;207;205;206;194;200;202;201;203;196
Thailand;0;0;0;1;1;3;9;5;13;1;2;0;7;5;3;32;130;722;454;590;445;190;120;106;99;31;31;17;14;9;25;18;36;10;12;10;11;18;17;23;26;23;28;20;28;11;22;12;14;13;27;17;29;16;16;47;31;34;35;40;34;37;30;34
Timor_Leste;0;0;0;0;0;0;0;0;0;0;0;0;0;0;0;0;0;1;0;0;0;3;14;5;1;0;0;0;0;0;0;0;0;0;0;0;0;0;0;0;0;0;0;0;1;0;0;1;1;0;0;0;0;0;0;1;0;0;1;0;0;1;0;0
Togo;0;0;0;0;0;0;0;0;0;0;0;0;0;0;1;0;0;17;12;10;30;7;7;4;11;25;21;74;111;43;49;23;50;30;19;25;46;52;22;31;29;57;68;84;54;58;77;92;87;74;77;60;58;71;56;62;80;71;61;108;96;112;94;117
Trinidad_and_Tobago;0;0;0;0;0;0;0;0;0;0;0;0;0;0;0;2;7;48;21;22;7;6;1;1;1;0;0;0;0;0;0;1;0;0;6;0;1;6;3;0;3;5;7;25;37;85;257;312;547;348;471;468;525;678;376;254;236;276;151;139;178;157;96;85
Tunisia;0;0;0;0;0;0;0;0;0;0;0;0;0;1;1;14;23;75;164;177;168;103;140;52;57;38;17;2;11;5;20;18;1;6;35;31;9;10;27;58;73;58;61;97;90;96;369;500;599;597;739;1340;1741;3109;3660;4021;5040;7806;3531;9660;4349;11014;4550;7206
Turkey;0;0;0;0;0;0;0;0;0;0;0;0;0;0;0;2;357;1513;7345;11704;17305;22823;21280;19461;12863;11392;9524;7545;7479;5093;5293;4576;4577;5086;7509;6170;6986;6401;5613;5096;4806;4603;4617;4850;5396;5915;6129;6414;6784;7626;8095;8227;8165;8247;8588;7208;7383;7985;8112;9270;10388;11353;11355;12322
Turks_and_Caicos_islands;0;0;0;0;0;0;0;0;0;0;0;0;0;0;0;0;0;1;4;0;3;2;1;0;1;0;0;0;0;0;0;0;0;0;0;2;2;28;5;23;2;12;13;15;27;83;74;49;117;44;83;47;12;18;12;9;6;0;1;2;3;2;2;2
Uganda;0;0;0;0;0;0;0;0;0;0;0;0;0;0;0;0;0;9;24;15;5;1;1;19;5;10;12;38;121;-62;119;172;127;69;47;42;74;54;69;54;31;19;53;48;47;90;187;348;676;448;567;752;832;1164;931;911;836;736;416;671;655;967;941;1223
Ukraine;0;0;0;0;0;0;0;0;0;0;0;0;0;1;0;2;23;58;334;654;596;1434;2004;2064;2240;2503;2282;2230;2191;1964;1802;1958;2659;2754;3481;4007;4824;3822;3720;3914;3743;3731;4661;5400;5752;7740;8272;7823;11416;9156;12572;14969;13904;13018;15993;17288;21277;26030;24973;27868;34382;35240;41888;48401
United_Arab_Emirates;0;0;0;0;0;0;4;1;2;1;1;4;8;6;32;27;54;108;322;694;1333;1762;2131;2322;2568;2783;2630;3593;3804;4514;3828;3256;3020;2691;1865;1939;2057;2109;3131;2254;1568;1312;1443;1583;1085;1121;1346;1881;1827;2211;3240;3440;4029;3976;4624;4650;5543;5400;6304;6157;7529;6385;5802;5979
United_Kingdom;0;0;0;0;0;0;0;2;2;6;0;1;19;134;305;1775;3182;7224;14173;21426;23255;21370;23817;23675;22055;23103;17647;14537;12378;12995;8022;6932;6004;5194;4909;4352;3952;3093;2841;3012;3248;3019;2963;3330;4182;4655;5695;4829;5533;7027;8291;13974;16090;20029;28979;30028;62307;75273;82778;88920;111258;115945;109314;114304
United_Republic_of_Tanzania;0;0;0;0;0;0;0;0;0;0;0;0;0;0;0;0;3;9;2;7;4;21;102;137;21;174;29;0;0;0;0;0;0;0;0;0;0;0;0;0;0;0;0;0;0;0;0;0;0;0;0;0;0;0;0;0;0;0;0;0;0;0;0;0
United_States_of_America;0;0;0;0;0;2;3;6;1;3;0;20;31;93;595;2197;11299;40981;87794;134940;154167;150462;152492;134086;143411;145458;125888;106817;117852;114072;99080;110071;110542;106623;114304;149012;198021;229556;256219;308844;342773;323191;319357;330181;263202;257561;262062;220458;198149;209137;214853;151361;209066;198521;228616;199613;225507;260397;260938;293419;362861;411262;439059;624066
United_States_Virgin_Islands;0;0;0;0;0;0;0;0;0;0;0;0;0;0;0;0;0;17;13;10;5;6;2;1;5;7;2;1;0;0;0;1;1;1;1;3;5;17;24;59;102;53;28;57;101;117;102;191;98;109;28;34;31;37;45;4;3;4;4;8;11;14;26;17
Uruguay;0;0;0;0;0;0;0;0;0;0;0;0;0;0;0;6;88;95;106;76;55;46;45;40;68;30;39;25;18;27;47;15;19;2;2;33;42;23;18;22;50;80;85;76;40;67;55;76;27;52;74;90;68;90;50;79;109;113;149;206;228;231;163;315
Uzbekistan;0;0;0;0;0;0;0;0;0;0;0;0;0;0;0;0;23;32;90;82;328;443;497;283;161;210;187;276;190;330;312;325;583;549;796;803;1225;1474;1639;2355;2703;2635;2975;3534;3769;3406;2729;3287;1964;1799;1482;2451;2849;3013;2673;2535;1949;1948;1590;1526;1470;1148;1151;1248
Venezuela;0;0;0;0;0;0;0;0;0;0;0;0;0;0;0;10;23;58;28;25;23;22;38;71;31;28;31;52;178;326;383;492;558;502;271;898;1082;1143;1420;1772;1726;1583;3214;3455;3837;4658;5817;4433;2970;4710;6297;5658;4832;4001;4617;3849;3995;3336;3016;2175;1921;2024;1511;1783
Vietnam;0;0;0;0;0;2;0;7;5;2;0;0;0;0;18;19;34;50;66;37;15;12;1;2;0;1;17;0;36;0;3;1;3;2;2;14;5;1;14;3;1;35;23;159;160;116;98;45;25;10;5;10;4;5;1;25;3;10;17;17;27;9;30;9
Wallis_and_Futuna;0;0;0;0;0;0;0;0;0;0;0;0;0;0;0;0;0;0;0;0;0;0;0;0;0;0;0;0;0;0;0;0;0;0;0;0;0;0;0;0;0;0;0;0;0;0;0;0;0;0;0;0;0;0;0;0;0;0;0;1;0;0;0;0
Western_Sahara;0;0;0;0;0;0;0;0;0;0;0;0;0;0;0;0;0;0;0;0;0;0;0;0;6;0;0;0;0;0;0;17;0;0;0;2;183;253;58;0;247;0;0;0;0;0;0;0;0;0;0;0;0;0;0;0;0;0;0;0;0;0;0;0
Yemen;0;0;0;0;0;0;0;0;0;0;0;0;0;0;0;0;0;0;0;0;0;1;0;0;0;9;24;36;60;82;66;121;87;146;270;65;136;118;76;168;111;64;51;39;37;64;38;37;24;28;29;16;13;14;3;2;10;10;2;3;3;0;4;3
Zambia;0;0;0;0;0;0;0;0;0;0;0;0;0;0;0;0;2;1;26;10;0;6;12;19;19;29;43;279;315;159;137;32;65;167;91;18;101;101;263;0;915;773;969;1676;936;1111;1068;1284;749;721;612;505;605;312;384;244;330;250;320;323;135;298;283;273
Zimbabwe;0;0;0;0;0;0;0;0;0;0;0;0;0;0;0;0;0;2;5;2;2;6;8;4;3;2;1;2;9;10;93;57;76;61;58;111;55;50;170;198;435;614;670;955;736;423;443;554;436;246;340;616;123;107;104;51;60;112;65;112;89;86;65;134
